prd_id,prd_key,prd_nm,prd_cost,prd_line,prd_start_dt,prd_end_dt,cat_id,prd_cat
212,HL_U509_R,Sport-100 Helmet- Red,12.0,Other Sales,2011-07-01,2012-06-30,AC_HE,HL_U509_R_AC_HE
213,HL_U509_R,Sport-100 Helmet- Red,14.0,Other Sales,2012-07-01,2013-06-30,AC_HE,HL_U509_R_AC_HE
214,HL_U509_R,Sport-100 Helmet- Red,13.0,Other Sales,2013-07-01,,AC_HE,HL_U509_R_AC_HE
215,HL_U509,Sport-100 Helmet- Black,12.0,Other Sales,2011-07-01,2012-06-30,AC_HE,HL_U509_AC_HE
216,HL_U509,Sport-100 Helmet- Black,14.0,Other Sales,2012-07-01,2013-06-30,AC_HE,HL_U509_AC_HE
217,HL_U509,Sport-100 Helmet- Black,13.0,Other Sales,2013-07-01,,AC_HE,HL_U509_AC_HE
218,SO_B909_M,Mountain Bike Socks- M,3.0,Mountain,2011-07-01,,CL_SO,SO_B909_M_CL_SO
219,SO_B909_L,Mountain Bike Socks- L,3.0,Mountain,2011-07-01,,CL_SO,SO_B909_L_CL_SO
220,HL_U509_B,Sport-100 Helmet- Blue,12.0,Other Sales,2011-07-01,2012-06-30,AC_HE,HL_U509_B_AC_HE
221,HL_U509_B,Sport-100 Helmet- Blue,14.0,Other Sales,2012-07-01,2013-06-30,AC_HE,HL_U509_B_AC_HE
222,HL_U509_B,Sport-100 Helmet- Blue,13.0,Other Sales,2013-07-01,,AC_HE,HL_U509_B_AC_HE
223,CA_1098,AWC Logo Cap,6.0,Other Sales,2011-07-01,2012-06-30,CL_CA,CA_1098_CL_CA
224,CA_1098,AWC Logo Cap,5.0,Other Sales,2012-07-01,2013-06-30,CL_CA,CA_1098_CL_CA
225,CA_1098,AWC Logo Cap,7.0,Other Sales,2013-07-01,,CL_CA,CA_1098_CL_CA
226,LJ_0192_S,Long-Sleeve Logo Jersey- S,32.0,Other Sales,2011-07-01,2012-06-30,CL_JE,LJ_0192_S_CL_JE
227,LJ_0192_S,Long-Sleeve Logo Jersey- S,29.0,Other Sales,2012-07-01,2013-06-30,CL_JE,LJ_0192_S_CL_JE
228,LJ_0192_S,Long-Sleeve Logo Jersey- S,38.0,Other Sales,2013-07-01,,CL_JE,LJ_0192_S_CL_JE
229,LJ_0192_M,Long-Sleeve Logo Jersey- M,32.0,Other Sales,2011-07-01,2012-06-30,CL_JE,LJ_0192_M_CL_JE
230,LJ_0192_M,Long-Sleeve Logo Jersey- M,29.0,Other Sales,2012-07-01,2013-06-30,CL_JE,LJ_0192_M_CL_JE
231,LJ_0192_M,Long-Sleeve Logo Jersey- M,38.0,Other Sales,2013-07-01,,CL_JE,LJ_0192_M_CL_JE
232,LJ_0192_L,Long-Sleeve Logo Jersey- L,32.0,Other Sales,2011-07-01,2012-06-30,CL_JE,LJ_0192_L_CL_JE
233,LJ_0192_L,Long-Sleeve Logo Jersey- L,29.0,Other Sales,2012-07-01,2013-06-30,CL_JE,LJ_0192_L_CL_JE
234,LJ_0192_L,Long-Sleeve Logo Jersey- L,38.0,Other Sales,2013-07-01,,CL_JE,LJ_0192_L_CL_JE
235,LJ_0192_X,Long-Sleeve Logo Jersey- XL,32.0,Other Sales,2011-07-01,2012-06-30,CL_JE,LJ_0192_X_CL_JE
236,LJ_0192_X,Long-Sleeve Logo Jersey- XL,29.0,Other Sales,2012-07-01,2013-06-30,CL_JE,LJ_0192_X_CL_JE
237,LJ_0192_X,Long-Sleeve Logo Jersey- XL,38.0,Other Sales,2013-07-01,,CL_JE,LJ_0192_X_CL_JE
238,FR_R92R_62,HL Road Frame - Red- 62,748.0,Road,2011-07-01,2012-06-30,CO_RF,FR_R92R_62_CO_RF
239,FR_R92R_62,HL Road Frame - Red- 62,722.0,Road,2012-07-01,2013-06-30,CO_RF,FR_R92R_62_CO_RF
240,FR_R92R_62,HL Road Frame - Red- 62,869.0,Road,2013-07-01,,CO_RF,FR_R92R_62_CO_RF
241,FR_R92R_44,HL Road Frame - Red- 44,748.0,Road,2011-07-01,2012-06-30,CO_RF,FR_R92R_44_CO_RF
242,FR_R92R_44,HL Road Frame - Red- 44,722.0,Road,2012-07-01,2013-06-30,CO_RF,FR_R92R_44_CO_RF
243,FR_R92R_44,HL Road Frame - Red- 44,869.0,Road,2013-07-01,,CO_RF,FR_R92R_44_CO_RF
244,FR_R92R_48,HL Road Frame - Red- 48,748.0,Road,2011-07-01,2012-06-30,CO_RF,FR_R92R_48_CO_RF
245,FR_R92R_48,HL Road Frame - Red- 48,722.0,Road,2012-07-01,2013-06-30,CO_RF,FR_R92R_48_CO_RF
246,FR_R92R_48,HL Road Frame - Red- 48,869.0,Road,2013-07-01,,CO_RF,FR_R92R_48_CO_RF
247,FR_R92R_52,HL Road Frame - Red- 52,748.0,Road,2011-07-01,2012-06-30,CO_RF,FR_R92R_52_CO_RF
248,FR_R92R_52,HL Road Frame - Red- 52,722.0,Road,2012-07-01,2013-06-30,CO_RF,FR_R92R_52_CO_RF
249,FR_R92R_52,HL Road Frame - Red- 52,869.0,Road,2013-07-01,,CO_RF,FR_R92R_52_CO_RF
250,FR_R92R_56,HL Road Frame - Red- 56,748.0,Road,2011-07-01,2012-06-30,CO_RF,FR_R92R_56_CO_RF
251,FR_R92R_56,HL Road Frame - Red- 56,722.0,Road,2012-07-01,2013-06-30,CO_RF,FR_R92R_56_CO_RF
252,FR_R92R_56,HL Road Frame - Red- 56,869.0,Road,2013-07-01,,CO_RF,FR_R92R_56_CO_RF
253,FR_R38B_58,LL Road Frame - Black- 58,176.0,Road,2011-07-01,2012-06-30,CO_RF,FR_R38B_58_CO_RF
254,FR_R38B_58,LL Road Frame - Black- 58,170.0,Road,2012-07-01,2013-06-30,CO_RF,FR_R38B_58_CO_RF
255,FR_R38B_58,LL Road Frame - Black- 58,205.0,Road,2013-07-01,,CO_RF,FR_R38B_58_CO_RF
256,FR_R38B_60,LL Road Frame - Black- 60,176.0,Road,2011-07-01,2012-06-30,CO_RF,FR_R38B_60_CO_RF
257,FR_R38B_60,LL Road Frame - Black- 60,170.0,Road,2012-07-01,2013-06-30,CO_RF,FR_R38B_60_CO_RF
258,FR_R38B_60,LL Road Frame - Black- 60,205.0,Road,2013-07-01,,CO_RF,FR_R38B_60_CO_RF
259,FR_R38B_62,LL Road Frame - Black- 62,176.0,Road,2011-07-01,2012-06-30,CO_RF,FR_R38B_62_CO_RF
260,FR_R38B_62,LL Road Frame - Black- 62,170.0,Road,2012-07-01,2013-06-30,CO_RF,FR_R38B_62_CO_RF
261,FR_R38B_62,LL Road Frame - Black- 62,205.0,Road,2013-07-01,,CO_RF,FR_R38B_62_CO_RF
262,FR_R38R_44,LL Road Frame - Red- 44,181.0,Road,2011-07-01,2012-06-30,CO_RF,FR_R38R_44_CO_RF
263,FR_R38R_44,LL Road Frame - Red- 44,187.0,Road,2012-07-01,,CO_RF,FR_R38R_44_CO_RF
264,FR_R38R_48,LL Road Frame - Red- 48,181.0,Road,2011-07-01,2012-06-30,CO_RF,FR_R38R_48_CO_RF
265,FR_R38R_48,LL Road Frame - Red- 48,187.0,Road,2012-07-01,,CO_RF,FR_R38R_48_CO_RF
266,FR_R38R_52,LL Road Frame - Red- 52,181.0,Road,2011-07-01,2012-06-30,CO_RF,FR_R38R_52_CO_RF
267,FR_R38R_52,LL Road Frame - Red- 52,187.0,Road,2012-07-01,,CO_RF,FR_R38R_52_CO_RF
268,FR_R38R_58,LL Road Frame - Red- 58,181.0,Road,2011-07-01,2012-06-30,CO_RF,FR_R38R_58_CO_RF
269,FR_R38R_58,LL Road Frame - Red- 58,187.0,Road,2012-07-01,,CO_RF,FR_R38R_58_CO_RF
270,FR_R38R_60,LL Road Frame - Red- 60,181.0,Road,2011-07-01,2012-06-30,CO_RF,FR_R38R_60_CO_RF
271,FR_R38R_60,LL Road Frame - Red- 60,187.0,Road,2012-07-01,,CO_RF,FR_R38R_60_CO_RF
272,FR_R38R_62,LL Road Frame - Red- 62,181.0,Road,2011-07-01,2012-06-30,CO_RF,FR_R38R_62_CO_RF
273,FR_R38R_62,LL Road Frame - Red- 62,187.0,Road,2012-07-01,,CO_RF,FR_R38R_62_CO_RF
274,FR_R72R_44,ML Road Frame - Red- 44,352.0,Road,2011-07-01,,CO_RF,FR_R72R_44_CO_RF
275,FR_R72R_48,ML Road Frame - Red- 48,352.0,Road,2011-07-01,,CO_RF,FR_R72R_48_CO_RF
276,FR_R72R_52,ML Road Frame - Red- 52,352.0,Road,2011-07-01,,CO_RF,FR_R72R_52_CO_RF
277,FR_R72R_58,ML Road Frame - Red- 58,352.0,Road,2011-07-01,,CO_RF,FR_R72R_58_CO_RF
278,FR_R72R_60,ML Road Frame - Red- 60,352.0,Road,2011-07-01,,CO_RF,FR_R72R_60_CO_RF
279,FR_R38B_44,LL Road Frame - Black- 44,176.0,Road,2011-07-01,2012-06-30,CO_RF,FR_R38B_44_CO_RF
280,FR_R38B_44,LL Road Frame - Black- 44,170.0,Road,2012-07-01,2013-06-30,CO_RF,FR_R38B_44_CO_RF
281,FR_R38B_44,LL Road Frame - Black- 44,205.0,Road,2013-07-01,,CO_RF,FR_R38B_44_CO_RF
282,FR_R38B_48,LL Road Frame - Black- 48,176.0,Road,2011-07-01,2012-06-30,CO_RF,FR_R38B_48_CO_RF
283,FR_R38B_48,LL Road Frame - Black- 48,170.0,Road,2012-07-01,2013-06-30,CO_RF,FR_R38B_48_CO_RF
284,FR_R38B_48,LL Road Frame - Black- 48,205.0,Road,2013-07-01,,CO_RF,FR_R38B_48_CO_RF
285,FR_R38B_52,LL Road Frame - Black- 52,176.0,Road,2011-07-01,2012-06-30,CO_RF,FR_R38B_52_CO_RF
286,FR_R38B_52,LL Road Frame - Black- 52,170.0,Road,2012-07-01,2013-06-30,CO_RF,FR_R38B_52_CO_RF
287,FR_R38B_52,LL Road Frame - Black- 52,205.0,Road,2013-07-01,,CO_RF,FR_R38B_52_CO_RF
288,FR_M94S_42,HL Mountain Frame - Silver- 42,624.0,Mountain,2011-07-01,2012-06-30,CO_MF,FR_M94S_42_CO_MF
289,FR_M94S_42,HL Mountain Frame - Silver- 42,661.0,Mountain,2012-07-01,2013-06-30,CO_MF,FR_M94S_42_CO_MF
290,FR_M94S_42,HL Mountain Frame - Silver- 42,747.0,Mountain,2013-07-01,,CO_MF,FR_M94S_42_CO_MF
291,FR_M94S_44,HL Mountain Frame - Silver- 44,707.0,Mountain,2011-07-01,,CO_MF,FR_M94S_44_CO_MF
292,FR_M94S_52,HL Mountain Frame - Silver- 48,707.0,Mountain,2011-07-01,,CO_MF,FR_M94S_52_CO_MF
293,FR_M94S_46,HL Mountain Frame - Silver- 46,624.0,Mountain,2011-07-01,2012-06-30,CO_MF,FR_M94S_46_CO_MF
294,FR_M94S_46,HL Mountain Frame - Silver- 46,661.0,Mountain,2012-07-01,2013-06-30,CO_MF,FR_M94S_46_CO_MF
295,FR_M94S_46,HL Mountain Frame - Silver- 46,747.0,Mountain,2013-07-01,,CO_MF,FR_M94S_46_CO_MF
296,FR_M94B_42,HL Mountain Frame - Black- 42,617.0,Mountain,2011-07-01,2012-06-30,CO_MF,FR_M94B_42_CO_MF
297,FR_M94B_42,HL Mountain Frame - Black- 42,654.0,Mountain,2012-07-01,2013-06-30,CO_MF,FR_M94B_42_CO_MF
298,FR_M94B_42,HL Mountain Frame - Black- 42,739.0,Mountain,2013-07-01,,CO_MF,FR_M94B_42_CO_MF
299,FR_M94B_44,HL Mountain Frame - Black- 44,699.0,Mountain,2011-07-01,,CO_MF,FR_M94B_44_CO_MF
300,FR_M94B_48,HL Mountain Frame - Black- 48,699.0,Mountain,2011-07-01,,CO_MF,FR_M94B_48_CO_MF
301,FR_M94B_46,HL Mountain Frame - Black- 46,617.0,Mountain,2011-07-01,2012-06-30,CO_MF,FR_M94B_46_CO_MF
302,FR_M94B_46,HL Mountain Frame - Black- 46,654.0,Mountain,2012-07-01,2013-06-30,CO_MF,FR_M94B_46_CO_MF
303,FR_M94B_46,HL Mountain Frame - Black- 46,739.0,Mountain,2013-07-01,,CO_MF,FR_M94B_46_CO_MF
304,FR_M94B_38,HL Mountain Frame - Black- 38,617.0,Mountain,2011-07-01,2012-06-30,CO_MF,FR_M94B_38_CO_MF
305,FR_M94B_38,HL Mountain Frame - Black- 38,654.0,Mountain,2012-07-01,2013-06-30,CO_MF,FR_M94B_38_CO_MF
306,FR_M94B_38,HL Mountain Frame - Black- 38,739.0,Mountain,2013-07-01,,CO_MF,FR_M94B_38_CO_MF
307,FR_M94S_38,HL Mountain Frame - Silver- 38,624.0,Mountain,2011-07-01,2012-06-30,CO_MF,FR_M94S_38_CO_MF
308,FR_M94S_38,HL Mountain Frame - Silver- 38,661.0,Mountain,2012-07-01,2013-06-30,CO_MF,FR_M94S_38_CO_MF
309,FR_M94S_38,HL Mountain Frame - Silver- 38,747.0,Mountain,2013-07-01,,CO_MF,FR_M94S_38_CO_MF
310,BK_R93R_62,Road-150 Red- 62,2171.0,Road,2011-07-01,,BI_RB,BK_R93R_62_BI_RB
311,BK_R93R_44,Road-150 Red- 44,2171.0,Road,2011-07-01,,BI_RB,BK_R93R_44_BI_RB
312,BK_R93R_48,Road-150 Red- 48,2171.0,Road,2011-07-01,,BI_RB,BK_R93R_48_BI_RB
313,BK_R93R_52,Road-150 Red- 52,2171.0,Road,2011-07-01,,BI_RB,BK_R93R_52_BI_RB
314,BK_R93R_56,Road-150 Red- 56,2171.0,Road,2011-07-01,,BI_RB,BK_R93R_56_BI_RB
315,BK_R68R_58,Road-450 Red- 58,885.0,Road,2011-07-01,,BI_RB,BK_R68R_58_BI_RB
316,BK_R68R_60,Road-450 Red- 60,885.0,Road,2011-07-01,,BI_RB,BK_R68R_60_BI_RB
317,BK_R68R_44,Road-450 Red- 44,885.0,Road,2011-07-01,,BI_RB,BK_R68R_44_BI_RB
318,BK_R68R_48,Road-450 Red- 48,885.0,Road,2011-07-01,,BI_RB,BK_R68R_48_BI_RB
319,BK_R68R_52,Road-450 Red- 52,885.0,Road,2011-07-01,,BI_RB,BK_R68R_52_BI_RB
320,BK_R50R_58,Road-650 Red- 58,413.0,Road,2011-07-01,2012-06-30,BI_RB,BK_R50R_58_BI_RB
321,BK_R50R_58,Road-650 Red- 58,487.0,Road,2012-07-01,,BI_RB,BK_R50R_58_BI_RB
322,BK_R50R_60,Road-650 Red- 60,413.0,Road,2011-07-01,2012-06-30,BI_RB,BK_R50R_60_BI_RB
323,BK_R50R_60,Road-650 Red- 60,487.0,Road,2012-07-01,,BI_RB,BK_R50R_60_BI_RB
324,BK_R50R_62,Road-650 Red- 62,413.0,Road,2011-07-01,2012-06-30,BI_RB,BK_R50R_62_BI_RB
325,BK_R50R_62,Road-650 Red- 62,487.0,Road,2012-07-01,,BI_RB,BK_R50R_62_BI_RB
326,BK_R50R_44,Road-650 Red- 44,413.0,Road,2011-07-01,2012-06-30,BI_RB,BK_R50R_44_BI_RB
327,BK_R50R_44,Road-650 Red- 44,487.0,Road,2012-07-01,,BI_RB,BK_R50R_44_BI_RB
328,BK_R50R_48,Road-650 Red- 48,413.0,Road,2011-07-01,2012-06-30,BI_RB,BK_R50R_48_BI_RB
329,BK_R50R_48,Road-650 Red- 48,487.0,Road,2012-07-01,,BI_RB,BK_R50R_48_BI_RB
330,BK_R50R_52,Road-650 Red- 52,413.0,Road,2011-07-01,2012-06-30,BI_RB,BK_R50R_52_BI_RB
331,BK_R50R_52,Road-650 Red- 52,487.0,Road,2012-07-01,,BI_RB,BK_R50R_52_BI_RB
332,BK_R50B_58,Road-650 Black- 58,413.0,Road,2011-07-01,2012-06-30,BI_RB,BK_R50B_58_BI_RB
333,BK_R50B_58,Road-650 Black- 58,487.0,Road,2012-07-01,,BI_RB,BK_R50B_58_BI_RB
334,BK_R50B_60,Road-650 Black- 60,413.0,Road,2011-07-01,2012-06-30,BI_RB,BK_R50B_60_BI_RB
335,BK_R50B_60,Road-650 Black- 60,487.0,Road,2012-07-01,,BI_RB,BK_R50B_60_BI_RB
336,BK_R50B_62,Road-650 Black- 62,413.0,Road,2011-07-01,2012-06-30,BI_RB,BK_R50B_62_BI_RB
337,BK_R50B_62,Road-650 Black- 62,487.0,Road,2012-07-01,,BI_RB,BK_R50B_62_BI_RB
338,BK_R50B_44,Road-650 Black- 44,413.0,Road,2011-07-01,2012-06-30,BI_RB,BK_R50B_44_BI_RB
339,BK_R50B_44,Road-650 Black- 44,487.0,Road,2012-07-01,,BI_RB,BK_R50B_44_BI_RB
340,BK_R50B_48,Road-650 Black- 48,413.0,Road,2011-07-01,2012-06-30,BI_RB,BK_R50B_48_BI_RB
341,BK_R50B_48,Road-650 Black- 48,487.0,Road,2012-07-01,,BI_RB,BK_R50B_48_BI_RB
342,BK_R50B_52,Road-650 Black- 52,413.0,Road,2011-07-01,2012-06-30,BI_RB,BK_R50B_52_BI_RB
343,BK_R50B_52,Road-650 Black- 52,487.0,Road,2012-07-01,,BI_RB,BK_R50B_52_BI_RB
344,BK_M82S_38,Mountain-100 Silver- 38,1912.0,Mountain,2011-07-01,,BI_MB,BK_M82S_38_BI_MB
345,BK_M82S_42,Mountain-100 Silver- 42,1912.0,Mountain,2011-07-01,,BI_MB,BK_M82S_42_BI_MB
346,BK_M82S_44,Mountain-100 Silver- 44,1912.0,Mountain,2011-07-01,,BI_MB,BK_M82S_44_BI_MB
347,BK_M82S_48,Mountain-100 Silver- 48,1912.0,Mountain,2011-07-01,,BI_MB,BK_M82S_48_BI_MB
348,BK_M82B_38,Mountain-100 Black- 38,1898.0,Mountain,2011-07-01,,BI_MB,BK_M82B_38_BI_MB
349,BK_M82B_42,Mountain-100 Black- 42,1898.0,Mountain,2011-07-01,,BI_MB,BK_M82B_42_BI_MB
350,BK_M82B_44,Mountain-100 Black- 44,1898.0,Mountain,2011-07-01,,BI_MB,BK_M82B_44_BI_MB
351,BK_M82B_48,Mountain-100 Black- 48,1898.0,Mountain,2011-07-01,,BI_MB,BK_M82B_48_BI_MB
352,BK_M68S_38,Mountain-200 Silver- 38,1118.0,Mountain,2012-07-01,2013-06-30,BI_MB,BK_M68S_38_BI_MB
353,BK_M68S_38,Mountain-200 Silver- 38,1266.0,Mountain,2013-07-01,,BI_MB,BK_M68S_38_BI_MB
354,BK_M68S_42,Mountain-200 Silver- 42,1118.0,Mountain,2012-07-01,2013-06-30,BI_MB,BK_M68S_42_BI_MB
355,BK_M68S_42,Mountain-200 Silver- 42,1266.0,Mountain,2013-07-01,,BI_MB,BK_M68S_42_BI_MB
356,BK_M68S_46,Mountain-200 Silver- 46,1118.0,Mountain,2012-07-01,2013-06-30,BI_MB,BK_M68S_46_BI_MB
357,BK_M68S_46,Mountain-200 Silver- 46,1266.0,Mountain,2013-07-01,,BI_MB,BK_M68S_46_BI_MB
358,BK_M68B_38,Mountain-200 Black- 38,1106.0,Mountain,2012-07-01,2013-06-30,BI_MB,BK_M68B_38_BI_MB
359,BK_M68B_38,Mountain-200 Black- 38,1252.0,Mountain,2013-07-01,,BI_MB,BK_M68B_38_BI_MB
360,BK_M68B_42,Mountain-200 Black- 42,1106.0,Mountain,2012-07-01,2013-06-30,BI_MB,BK_M68B_42_BI_MB
361,BK_M68B_42,Mountain-200 Black- 42,1252.0,Mountain,2013-07-01,,BI_MB,BK_M68B_42_BI_MB
362,BK_M68B_46,Mountain-200 Black- 46,1106.0,Mountain,2012-07-01,2013-06-30,BI_MB,BK_M68B_46_BI_MB
363,BK_M68B_46,Mountain-200 Black- 46,1252.0,Mountain,2013-07-01,,BI_MB,BK_M68B_46_BI_MB
364,BK_M47B_38,Mountain-300 Black- 38,598.0,Mountain,2012-07-01,,BI_MB,BK_M47B_38_BI_MB
365,BK_M47B_40,Mountain-300 Black- 40,598.0,Mountain,2012-07-01,,BI_MB,BK_M47B_40_BI_MB
366,BK_M47B_44,Mountain-300 Black- 44,598.0,Mountain,2012-07-01,,BI_MB,BK_M47B_44_BI_MB
367,BK_M47B_48,Mountain-300 Black- 48,598.0,Mountain,2012-07-01,,BI_MB,BK_M47B_48_BI_MB
368,BK_R89R_44,Road-250 Red- 44,1519.0,Road,2012-07-01,,BI_RB,BK_R89R_44_BI_RB
369,BK_R89R_48,Road-250 Red- 48,1519.0,Road,2012-07-01,,BI_RB,BK_R89R_48_BI_RB
370,BK_R89R_52,Road-250 Red- 52,1519.0,Road,2012-07-01,,BI_RB,BK_R89R_52_BI_RB
371,BK_R89R_58,Road-250 Red- 58,1321.0,Road,2012-07-01,2013-06-30,BI_RB,BK_R89R_58_BI_RB
372,BK_R89R_58,Road-250 Red- 58,1555.0,Road,2013-07-01,,BI_RB,BK_R89R_58_BI_RB
373,BK_R89B_44,Road-250 Black- 44,1321.0,Road,2012-07-01,2013-06-30,BI_RB,BK_R89B_44_BI_RB
374,BK_R89B_44,Road-250 Black- 44,1555.0,Road,2013-07-01,,BI_RB,BK_R89B_44_BI_RB
375,BK_R89B_48,Road-250 Black- 48,1321.0,Road,2012-07-01,2013-06-30,BI_RB,BK_R89B_48_BI_RB
376,BK_R89B_48,Road-250 Black- 48,1555.0,Road,2013-07-01,,BI_RB,BK_R89B_48_BI_RB
377,BK_R89B_52,Road-250 Black- 52,1321.0,Road,2012-07-01,2013-06-30,BI_RB,BK_R89B_52_BI_RB
378,BK_R89B_52,Road-250 Black- 52,1555.0,Road,2013-07-01,,BI_RB,BK_R89B_52_BI_RB
379,BK_R89B_58,Road-250 Black- 58,1321.0,Road,2012-07-01,2013-06-30,BI_RB,BK_R89B_58_BI_RB
380,BK_R89B_58,Road-250 Black- 58,1555.0,Road,2013-07-01,,BI_RB,BK_R89B_58_BI_RB
381,BK_R64Y_38,Road-550-W Yellow- 38,606.0,Road,2012-07-01,2013-06-30,BI_RB,BK_R64Y_38_BI_RB
382,BK_R64Y_38,Road-550-W Yellow- 38,713.0,Road,2013-07-01,,BI_RB,BK_R64Y_38_BI_RB
383,BK_R64Y_40,Road-550-W Yellow- 40,606.0,Road,2012-07-01,2013-06-30,BI_RB,BK_R64Y_40_BI_RB
384,BK_R64Y_40,Road-550-W Yellow- 40,713.0,Road,2013-07-01,,BI_RB,BK_R64Y_40_BI_RB
385,BK_R64Y_42,Road-550-W Yellow- 42,606.0,Road,2012-07-01,2013-06-30,BI_RB,BK_R64Y_42_BI_RB
386,BK_R64Y_42,Road-550-W Yellow- 42,713.0,Road,2013-07-01,,BI_RB,BK_R64Y_42_BI_RB
387,BK_R64Y_44,Road-550-W Yellow- 44,606.0,Road,2012-07-01,2013-06-30,BI_RB,BK_R64Y_44_BI_RB
388,BK_R64Y_44,Road-550-W Yellow- 44,713.0,Road,2013-07-01,,BI_RB,BK_R64Y_44_BI_RB
389,BK_R64Y_48,Road-550-W Yellow- 48,606.0,Road,2012-07-01,2013-06-30,BI_RB,BK_R64Y_48_BI_RB
390,BK_R64Y_48,Road-550-W Yellow- 48,713.0,Road,2013-07-01,,BI_RB,BK_R64Y_48_BI_RB
391,FK_1639,LL Fork,66.0,n/a,2012-07-01,,CO_FO,FK_1639_CO_FO
392,FK_5136,ML Fork,78.0,n/a,2012-07-01,,CO_FO,FK_5136_CO_FO
393,FK_9939,HL Fork,102.0,n/a,2012-07-01,,CO_FO,FK_9939_CO_FO
394,HS_0296,LL Headset,15.0,n/a,2012-07-01,,CO_HS,HS_0296_CO_HS
395,HS_2451,ML Headset,45.0,n/a,2012-07-01,,CO_HS,HS_2451_CO_HS
396,HS_3479,HL Headset,55.0,n/a,2012-07-01,,CO_HS,HS_3479_CO_HS
397,HB_M243,LL Mountain Handlebars,18.0,Mountain,2012-07-01,2013-06-30,CO_HB,HB_M243_CO_HB
398,HB_M243,LL Mountain Handlebars,20.0,Mountain,2013-07-01,,CO_HB,HB_M243_CO_HB
399,HB_M763,ML Mountain Handlebars,25.0,Mountain,2012-07-01,2013-06-30,CO_HB,HB_M763_CO_HB
400,HB_M763,ML Mountain Handlebars,27.0,Mountain,2013-07-01,,CO_HB,HB_M763_CO_HB
401,HB_M918,HL Mountain Handlebars,49.0,Mountain,2012-07-01,2013-06-30,CO_HB,HB_M918_CO_HB
402,HB_M918,HL Mountain Handlebars,53.0,Mountain,2013-07-01,,CO_HB,HB_M918_CO_HB
403,HB_R504,LL Road Handlebars,18.0,Road,2012-07-01,2013-06-30,CO_HB,HB_R504_CO_HB
404,HB_R504,LL Road Handlebars,20.0,Road,2013-07-01,,CO_HB,HB_R504_CO_HB
405,HB_R720,ML Road Handlebars,25.0,Road,2012-07-01,2013-06-30,CO_HB,HB_R720_CO_HB
406,HB_R720,ML Road Handlebars,27.0,Road,2013-07-01,,CO_HB,HB_R720_CO_HB
407,HB_R956,HL Road Handlebars,49.0,Road,2012-07-01,2013-06-30,CO_HB,HB_R956_CO_HB
408,HB_R956,HL Road Handlebars,53.0,Road,2013-07-01,,CO_HB,HB_R956_CO_HB
409,FR_M63B_38,ML Mountain Frame - Black- 38,186.0,Mountain,2012-07-01,,CO_MF,FR_M63B_38_CO_MF
410,FW_M423,LL Mountain Front Wheel,27.0,Mountain,2012-07-01,,CO_WH,FW_M423_CO_WH
411,FW_M762,ML Mountain Front Wheel,93.0,Mountain,2012-07-01,,CO_WH,FW_M762_CO_WH
412,FW_M928,HL Mountain Front Wheel,133.0,Mountain,2012-07-01,,CO_WH,FW_M928_CO_WH
413,FW_R623,LL Road Front Wheel,38.0,Road,2012-07-01,,CO_WH,FW_R623_CO_WH
414,FW_R762,ML Road Front Wheel,110.0,Road,2012-07-01,,CO_WH,FW_R762_CO_WH
415,FW_R820,HL Road Front Wheel,147.0,Road,2012-07-01,,CO_WH,FW_R820_CO_WH
416,FW_T905,Touring Front Wheel,97.0,Touring,2012-07-01,,CO_WH,FW_T905_CO_WH
417,FR_R72Y_38,ML Road Frame-W - Yellow- 38,300.0,Road,2012-07-01,2013-06-30,CO_RF,FR_R72Y_38_CO_RF
418,FR_R72Y_38,ML Road Frame-W - Yellow- 38,361.0,Road,2013-07-01,,CO_RF,FR_R72Y_38_CO_RF
419,RW_M423,LL Mountain Rear Wheel,39.0,Mountain,2012-07-01,,CO_WH,RW_M423_CO_WH
420,RW_M762,ML Mountain Rear Wheel,105.0,Mountain,2012-07-01,,CO_WH,RW_M762_CO_WH
421,RW_M928,HL Mountain Rear Wheel,145.0,Mountain,2012-07-01,,CO_WH,RW_M928_CO_WH
422,RW_R623,LL Road Rear Wheel,50.0,Road,2012-07-01,,CO_WH,RW_R623_CO_WH
423,RW_R762,ML Road Rear Wheel,122.0,Road,2012-07-01,,CO_WH,RW_R762_CO_WH
424,RW_R820,HL Road Rear Wheel,159.0,Road,2012-07-01,,CO_WH,RW_R820_CO_WH
425,RW_T905,Touring Rear Wheel,109.0,Touring,2012-07-01,,CO_WH,RW_T905_CO_WH
426,FR_M63B_40,ML Mountain Frame - Black- 40,186.0,Mountain,2012-07-01,,CO_MF,FR_M63B_40_CO_MF
427,FR_M63B_44,ML Mountain Frame - Black- 44,186.0,Mountain,2012-07-01,,CO_MF,FR_M63B_44_CO_MF
428,FR_M63B_48,ML Mountain Frame - Black- 48,186.0,Mountain,2012-07-01,,CO_MF,FR_M63B_48_CO_MF
429,FR_R72Y_40,ML Road Frame-W - Yellow- 40,300.0,Road,2012-07-01,2013-06-30,CO_RF,FR_R72Y_40_CO_RF
430,FR_R72Y_40,ML Road Frame-W - Yellow- 40,361.0,Road,2013-07-01,,CO_RF,FR_R72Y_40_CO_RF
431,FR_R72Y_42,ML Road Frame-W - Yellow- 42,300.0,Road,2012-07-01,2013-06-30,CO_RF,FR_R72Y_42_CO_RF
432,FR_R72Y_42,ML Road Frame-W - Yellow- 42,361.0,Road,2013-07-01,,CO_RF,FR_R72Y_42_CO_RF
433,FR_R72Y_44,ML Road Frame-W - Yellow- 44,300.0,Road,2012-07-01,2013-06-30,CO_RF,FR_R72Y_44_CO_RF
434,FR_R72Y_44,ML Road Frame-W - Yellow- 44,361.0,Road,2013-07-01,,CO_RF,FR_R72Y_44_CO_RF
435,FR_R72Y_48,ML Road Frame-W - Yellow- 48,300.0,Road,2012-07-01,2013-06-30,CO_RF,FR_R72Y_48_CO_RF
436,FR_R72Y_48,ML Road Frame-W - Yellow- 48,361.0,Road,2013-07-01,,CO_RF,FR_R72Y_48_CO_RF
437,FR_R92B_62,HL Road Frame - Black- 62,722.0,Road,2012-07-01,2013-06-30,CO_RF,FR_R92B_62_CO_RF
438,FR_R92B_62,HL Road Frame - Black- 62,869.0,Road,2013-07-01,,CO_RF,FR_R92B_62_CO_RF
439,FR_R92B_44,HL Road Frame - Black- 44,722.0,Road,2012-07-01,2013-06-30,CO_RF,FR_R92B_44_CO_RF
440,FR_R92B_44,HL Road Frame - Black- 44,869.0,Road,2013-07-01,,CO_RF,FR_R92B_44_CO_RF
441,FR_R92B_48,HL Road Frame - Black- 48,722.0,Road,2012-07-01,2013-06-30,CO_RF,FR_R92B_48_CO_RF
442,FR_R92B_48,HL Road Frame - Black- 48,869.0,Road,2013-07-01,,CO_RF,FR_R92B_48_CO_RF
443,FR_R92B_52,HL Road Frame - Black- 52,722.0,Road,2012-07-01,2013-06-30,CO_RF,FR_R92B_52_CO_RF
444,FR_R92B_52,HL Road Frame - Black- 52,869.0,Road,2013-07-01,,CO_RF,FR_R92B_52_CO_RF
445,SH_M897_S,Men's Sports Shorts- S,25.0,Other Sales,2012-07-01,,CL_SH,SH_M897_S_CL_SH
446,PA_T100,Touring-Panniers- Large,52.0,Touring,2012-07-01,,AC_PA,PA_T100_AC_PA
447,LO_C100,Cable Lock,10.0,Other Sales,2012-07-01,,AC_LO,LO_C100_AC_LO
448,PU_0452,Minipump,8.0,Other Sales,2012-07-01,,AC_PU,PU_0452_AC_PU
449,PU_M044,Mountain Pump,10.0,Mountain,2012-07-01,,AC_PU,PU_M044_AC_PU
450,LT_T990,Taillights - Battery-Powered,6.0,Road,2012-07-01,,AC_LI,LT_T990_AC_LI
451,LT_H902,Headlights - Dual-Beam,14.0,Road,2012-07-01,,AC_LI,LT_H902_AC_LI
452,LT_H903,Headlights - Weatherproof,19.0,Road,2012-07-01,,AC_LI,LT_H903_AC_LI
453,SH_M897_M,Men's Sports Shorts- M,25.0,Other Sales,2012-07-01,,CL_SH,SH_M897_M_CL_SH
454,SH_M897_L,Men's Sports Shorts- L,25.0,Other Sales,2012-07-01,,CL_SH,SH_M897_L_CL_SH
455,SH_M897_X,Men's Sports Shorts- XL,25.0,Other Sales,2012-07-01,,CL_SH,SH_M897_X_CL_SH
456,TG_W091_S,Women's Tights- S,31.0,Other Sales,2012-07-01,,CL_TI,TG_W091_S_CL_TI
457,TG_W091_M,Women's Tights- M,31.0,Other Sales,2012-07-01,,CL_TI,TG_W091_M_CL_TI
458,TG_W091_L,Women's Tights- L,31.0,Other Sales,2012-07-01,,CL_TI,TG_W091_L_CL_TI
459,SB_M891_S,Men's Bib-Shorts- S,37.0,Other Sales,2012-07-01,,CL_BS,SB_M891_S_CL_BS
460,SB_M891_M,Men's Bib-Shorts- M,37.0,Other Sales,2012-07-01,,CL_BS,SB_M891_M_CL_BS
461,SB_M891_L,Men's Bib-Shorts- L,37.0,Other Sales,2012-07-01,,CL_BS,SB_M891_L_CL_BS
462,GL_H102_S,Half-Finger Gloves- S,10.0,Other Sales,2012-07-01,2013-06-30,CL_GL,GL_H102_S_CL_GL
463,GL_H102_S,Half-Finger Gloves- S,9.0,Other Sales,2013-07-01,,CL_GL,GL_H102_S_CL_GL
464,GL_H102_M,Half-Finger Gloves- M,10.0,Other Sales,2012-07-01,2013-06-30,CL_GL,GL_H102_M_CL_GL
465,GL_H102_M,Half-Finger Gloves- M,9.0,Other Sales,2013-07-01,,CL_GL,GL_H102_M_CL_GL
466,GL_H102_L,Half-Finger Gloves- L,10.0,Other Sales,2012-07-01,2013-06-30,CL_GL,GL_H102_L_CL_GL
467,GL_H102_L,Half-Finger Gloves- L,9.0,Other Sales,2013-07-01,,CL_GL,GL_H102_L_CL_GL
468,GL_F110_S,Full-Finger Gloves- S,16.0,Mountain,2012-07-01,,CL_GL,GL_F110_S_CL_GL
469,GL_F110_M,Full-Finger Gloves- M,16.0,Mountain,2012-07-01,,CL_GL,GL_F110_M_CL_GL
470,GL_F110_L,Full-Finger Gloves- L,16.0,Mountain,2012-07-01,,CL_GL,GL_F110_L_CL_GL
471,VE_C304_S,Classic Vest- S,24.0,Other Sales,2013-07-01,,CL_VE,VE_C304_S_CL_VE
472,VE_C304_M,Classic Vest- M,24.0,Other Sales,2013-07-01,,CL_VE,VE_C304_M_CL_VE
473,VE_C304_L,Classic Vest- L,24.0,Other Sales,2013-07-01,,CL_VE,VE_C304_L_CL_VE
474,SH_W890_S,Women's Mountain Shorts- S,26.0,Mountain,2013-07-01,,CL_SH,SH_W890_S_CL_SH
475,SH_W890_M,Women's Mountain Shorts- M,26.0,Mountain,2013-07-01,,CL_SH,SH_W890_M_CL_SH
476,SH_W890_L,Women's Mountain Shorts- L,26.0,Mountain,2013-07-01,,CL_SH,SH_W890_L_CL_SH
477,WB_H098,Water Bottle - 30 oz.,2.0,Other Sales,2013-07-01,,AC_BC,WB_H098_AC_BC
478,BC_M005,Mountain Bottle Cage,4.0,Mountain,2013-07-01,,AC_BC,BC_M005_AC_BC
479,BC_R205,Road Bottle Cage,3.0,Road,2013-07-01,,AC_BC,BC_R205_AC_BC
480,PK_7098,Patch Kit/8 Patches,1.0,Other Sales,2013-07-01,,AC_TT,PK_7098_AC_TT
481,SO_R809_M,Racing Socks- M,3.0,Road,2013-07-01,,CL_SO,SO_R809_M_CL_SO
482,SO_R809_L,Racing Socks- L,3.0,Road,2013-07-01,,CL_SO,SO_R809_L_CL_SO
483,RA_H123,Hitch Rack - 4-Bike,45.0,Other Sales,2013-07-01,,AC_BR,RA_H123_AC_BR
484,CL_9009,Bike Wash - Dissolver,3.0,Other Sales,2013-07-01,,AC_CL,CL_9009_AC_CL
485,FE_6654,Fender Set - Mountain,8.0,Mountain,2013-07-01,,AC_FE,FE_6654_AC_FE
486,ST_1401,All-Purpose Bike Stand,59.0,Mountain,2013-07-01,,AC_BS,ST_1401_AC_BS
487,HY_1023_70,Hydration Pack - 70 oz.,21.0,Other Sales,2013-07-01,,AC_HP,HY_1023_70_AC_HP
488,SJ_0194_S,Short-Sleeve Classic Jersey- S,42.0,Other Sales,2013-07-01,,CL_JE,SJ_0194_S_CL_JE
489,SJ_0194_M,Short-Sleeve Classic Jersey- M,42.0,Other Sales,2013-07-01,,CL_JE,SJ_0194_M_CL_JE
490,SJ_0194_L,Short-Sleeve Classic Jersey- L,42.0,Other Sales,2013-07-01,,CL_JE,SJ_0194_L_CL_JE
491,SJ_0194_X,Short-Sleeve Classic Jersey- XL,42.0,Other Sales,2013-07-01,,CL_JE,SJ_0194_X_CL_JE
492,FR_T98Y_60,HL Touring Frame - Yellow- 60,602.0,Touring,2013-07-01,,CO_TF,FR_T98Y_60_CO_TF
493,FR_T67Y_62,LL Touring Frame - Yellow- 62,200.0,Touring,2013-07-01,,CO_TF,FR_T67Y_62_CO_TF
494,FR_T98Y_46,HL Touring Frame - Yellow- 46,602.0,Touring,2013-07-01,,CO_TF,FR_T98Y_46_CO_TF
495,FR_T98Y_50,HL Touring Frame - Yellow- 50,602.0,Touring,2013-07-01,,CO_TF,FR_T98Y_50_CO_TF
496,FR_T98Y_54,HL Touring Frame - Yellow- 54,602.0,Touring,2013-07-01,,CO_TF,FR_T98Y_54_CO_TF
497,FR_T98U_46,HL Touring Frame - Blue- 46,602.0,Touring,2013-07-01,,CO_TF,FR_T98U_46_CO_TF
498,FR_T98U_50,HL Touring Frame - Blue- 50,602.0,Touring,2013-07-01,,CO_TF,FR_T98U_50_CO_TF
499,FR_T98U_54,HL Touring Frame - Blue- 54,602.0,Touring,2013-07-01,,CO_TF,FR_T98U_54_CO_TF
500,FR_T98U_60,HL Touring Frame - Blue- 60,602.0,Touring,2013-07-01,,CO_TF,FR_T98U_60_CO_TF
501,RD_2308,Rear Derailleur,54.0,n/a,2013-07-01,,CO_DE,RD_2308_CO_DE
502,FR_T67U_50,LL Touring Frame - Blue- 50,200.0,Touring,2013-07-01,,CO_TF,FR_T67U_50_CO_TF
503,FR_T67U_54,LL Touring Frame - Blue- 54,200.0,Touring,2013-07-01,,CO_TF,FR_T67U_54_CO_TF
504,FR_T67U_58,LL Touring Frame - Blue- 58,200.0,Touring,2013-07-01,,CO_TF,FR_T67U_58_CO_TF
505,FR_T67U_62,LL Touring Frame - Blue- 62,200.0,Touring,2013-07-01,,CO_TF,FR_T67U_62_CO_TF
506,FR_T67Y_44,LL Touring Frame - Yellow- 44,200.0,Touring,2013-07-01,,CO_TF,FR_T67Y_44_CO_TF
507,FR_T67Y_50,LL Touring Frame - Yellow- 50,200.0,Touring,2013-07-01,,CO_TF,FR_T67Y_50_CO_TF
508,FR_T67Y_54,LL Touring Frame - Yellow- 54,200.0,Touring,2013-07-01,,CO_TF,FR_T67Y_54_CO_TF
509,FR_T67Y_58,LL Touring Frame - Yellow- 58,200.0,Touring,2013-07-01,,CO_TF,FR_T67Y_58_CO_TF
510,FR_T67U_44,LL Touring Frame - Blue- 44,200.0,Touring,2013-07-01,,CO_TF,FR_T67U_44_CO_TF
511,FR_M63S_40,ML Mountain Frame-W - Silver- 40,199.0,Mountain,2013-07-01,,CO_MF,FR_M63S_40_CO_MF
512,FR_M63S_42,ML Mountain Frame-W - Silver- 42,199.0,Mountain,2013-07-01,,CO_MF,FR_M63S_42_CO_MF
513,FR_M63S_46,ML Mountain Frame-W - Silver- 46,199.0,Mountain,2013-07-01,,CO_MF,FR_M63S_46_CO_MF
514,RB_9231,Rear Brakes,47.0,n/a,2013-07-01,,CO_BR,RB_9231_CO_BR
515,SE_M236,LL Mountain Seat/Saddle,12.0,Mountain,2013-07-01,,CO_SA,SE_M236_CO_SA
516,SE_M798,ML Mountain Seat/Saddle,17.0,Mountain,2013-07-01,,CO_SA,SE_M798_CO_SA
517,SE_M940,HL Mountain Seat/Saddle,23.0,Mountain,2013-07-01,,CO_SA,SE_M940_CO_SA
518,SE_R581,LL Road Seat/Saddle,12.0,Road,2013-07-01,,CO_SA,SE_R581_CO_SA
519,SE_R908,ML Road Seat/Saddle,17.0,Touring,2013-07-01,,CO_SA,SE_R908_CO_SA
520,SE_R995,HL Road Seat/Saddle,23.0,Road,2013-07-01,,CO_SA,SE_R995_CO_SA
521,SE_T312,LL Touring Seat/Saddle,12.0,Touring,2013-07-01,,CO_SA,SE_T312_CO_SA
522,SE_T762,ML Touring Seat/Saddle,17.0,Touring,2013-07-01,,CO_SA,SE_T762_CO_SA
523,SE_T924,HL Touring Seat/Saddle,23.0,Touring,2013-07-01,,CO_SA,SE_T924_CO_SA
524,FR_M21S_42,LL Mountain Frame - Silver- 42,145.0,Mountain,2013-07-01,,CO_MF,FR_M21S_42_CO_MF
525,FR_M21S_44,LL Mountain Frame - Silver- 44,145.0,Mountain,2013-07-01,,CO_MF,FR_M21S_44_CO_MF
526,FR_M21S_48,LL Mountain Frame - Silver- 48,145.0,Mountain,2013-07-01,,CO_MF,FR_M21S_48_CO_MF
527,FR_M21S_52,LL Mountain Frame - Silver- 52,145.0,Mountain,2013-07-01,,CO_MF,FR_M21S_52_CO_MF
528,TT_M928,Mountain Tire Tube,2.0,Mountain,2013-07-01,,AC_TT,TT_M928_AC_TT
529,TT_R982,Road Tire Tube,1.0,Road,2013-07-01,,AC_TT,TT_R982_AC_TT
530,TT_T092,Touring Tire Tube,2.0,Touring,2013-07-01,,AC_TT,TT_T092_AC_TT
531,FR_M21B_42,LL Mountain Frame - Black- 42,137.0,Mountain,2013-07-01,,CO_MF,FR_M21B_42_CO_MF
532,FR_M21B_44,LL Mountain Frame - Black- 44,137.0,Mountain,2013-07-01,,CO_MF,FR_M21B_44_CO_MF
533,FR_M21B_48,LL Mountain Frame - Black- 48,137.0,Mountain,2013-07-01,,CO_MF,FR_M21B_48_CO_MF
534,FR_M21B_52,LL Mountain Frame - Black- 52,137.0,Mountain,2013-07-01,,CO_MF,FR_M21B_52_CO_MF
535,TI_M267,LL Mountain Tire,9.0,Mountain,2013-07-01,,AC_TT,TI_M267_AC_TT
536,TI_M602,ML Mountain Tire,11.0,Mountain,2013-07-01,,AC_TT,TI_M602_AC_TT
537,TI_M823,HL Mountain Tire,13.0,Mountain,2013-07-01,,AC_TT,TI_M823_AC_TT
538,TI_R092,LL Road Tire,8.0,Road,2013-07-01,,AC_TT,TI_R092_AC_TT
539,TI_R628,ML Road Tire,9.0,Road,2013-07-01,,AC_TT,TI_R628_AC_TT
540,TI_R982,HL Road Tire,12.0,Road,2013-07-01,,AC_TT,TI_R982_AC_TT
541,TI_T723,Touring Tire,11.0,Touring,2013-07-01,,AC_TT,TI_T723_AC_TT
542,PD_M282,LL Mountain Pedal,18.0,Mountain,2013-07-01,,CO_PE,PD_M282_CO_PE
543,PD_M340,ML Mountain Pedal,28.0,Mountain,2013-07-01,,CO_PE,PD_M340_CO_PE
544,PD_M562,HL Mountain Pedal,36.0,Mountain,2013-07-01,,CO_PE,PD_M562_CO_PE
545,PD_R347,LL Road Pedal,18.0,Road,2013-07-01,,CO_PE,PD_R347_CO_PE
546,PD_R563,ML Road Pedal,28.0,Road,2013-07-01,,CO_PE,PD_R563_CO_PE
547,PD_R853,HL Road Pedal,36.0,Road,2013-07-01,,CO_PE,PD_R853_CO_PE
548,PD_T852,Touring Pedal,36.0,Touring,2013-07-01,,CO_PE,PD_T852_CO_PE
549,FR_M63S_38,ML Mountain Frame-W - Silver- 38,199.0,Mountain,2013-07-01,,CO_MF,FR_M63S_38_CO_MF
550,FR_M21B_40,LL Mountain Frame - Black- 40,137.0,Mountain,2013-07-01,,CO_MF,FR_M21B_40_CO_MF
551,FR_M21S_40,LL Mountain Frame - Silver- 40,145.0,Mountain,2013-07-01,,CO_MF,FR_M21S_40_CO_MF
552,FD_2342,Front Derailleur,41.0,n/a,2013-07-01,,CO_DE,FD_2342_CO_DE
553,HB_T721,LL Touring Handlebars,20.0,Touring,2013-07-01,,CO_HB,HB_T721_CO_HB
554,HB_T928,HL Touring Handlebars,41.0,Touring,2013-07-01,,CO_HB,HB_T928_CO_HB
555,FB_9873,Front Brakes,47.0,n/a,2013-07-01,,CO_BR,FB_9873_CO_BR
556,CS_4759,LL Crankset,78.0,n/a,2013-07-01,,CO_CS,CS_4759_CO_CS
557,CS_6583,ML Crankset,114.0,n/a,2013-07-01,,CO_CS,CS_6583_CO_CS
558,CS_9183,HL Crankset,180.0,n/a,2013-07-01,,CO_CS,CS_9183_CO_CS
559,CH_0234,Chain,9.0,n/a,2013-07-01,,CO_CH,CH_0234_CO_CH
560,BK_T44U_60,Touring-2000 Blue- 60,755.0,Touring,2013-07-01,,BI_TB,BK_T44U_60_BI_TB
561,BK_T79Y_46,Touring-1000 Yellow- 46,1482.0,Touring,2013-07-01,,BI_TB,BK_T79Y_46_BI_TB
562,BK_T79Y_50,Touring-1000 Yellow- 50,1482.0,Touring,2013-07-01,,BI_TB,BK_T79Y_50_BI_TB
563,BK_T79Y_54,Touring-1000 Yellow- 54,1482.0,Touring,2013-07-01,,BI_TB,BK_T79Y_54_BI_TB
564,BK_T79Y_60,Touring-1000 Yellow- 60,1482.0,Touring,2013-07-01,,BI_TB,BK_T79Y_60_BI_TB
565,BK_T18U_54,Touring-3000 Blue- 54,461.0,Touring,2013-07-01,,BI_TB,BK_T18U_54_BI_TB
566,BK_T18U_58,Touring-3000 Blue- 58,461.0,Touring,2013-07-01,,BI_TB,BK_T18U_58_BI_TB
567,BK_T18U_62,Touring-3000 Blue- 62,461.0,Touring,2013-07-01,,BI_TB,BK_T18U_62_BI_TB
568,BK_T18Y_44,Touring-3000 Yellow- 44,461.0,Touring,2013-07-01,,BI_TB,BK_T18Y_44_BI_TB
569,BK_T18Y_50,Touring-3000 Yellow- 50,461.0,Touring,2013-07-01,,BI_TB,BK_T18Y_50_BI_TB
570,BK_T18Y_54,Touring-3000 Yellow- 54,461.0,Touring,2013-07-01,,BI_TB,BK_T18Y_54_BI_TB
571,BK_T18Y_58,Touring-3000 Yellow- 58,461.0,Touring,2013-07-01,,BI_TB,BK_T18Y_58_BI_TB
572,BK_T18Y_62,Touring-3000 Yellow- 62,461.0,Touring,2013-07-01,,BI_TB,BK_T18Y_62_BI_TB
573,BK_T79U_46,Touring-1000 Blue- 46,1482.0,Touring,2013-07-01,,BI_TB,BK_T79U_46_BI_TB
574,BK_T79U_50,Touring-1000 Blue- 50,1482.0,Touring,2013-07-01,,BI_TB,BK_T79U_50_BI_TB
575,BK_T79U_54,Touring-1000 Blue- 54,1482.0,Touring,2013-07-01,,BI_TB,BK_T79U_54_BI_TB
576,BK_T79U_60,Touring-1000 Blue- 60,1482.0,Touring,2013-07-01,,BI_TB,BK_T79U_60_BI_TB
577,BK_T44U_46,Touring-2000 Blue- 46,755.0,Touring,2013-07-01,,BI_TB,BK_T44U_46_BI_TB
578,BK_T44U_50,Touring-2000 Blue- 50,755.0,Touring,2013-07-01,,BI_TB,BK_T44U_50_BI_TB
579,BK_T44U_54,Touring-2000 Blue- 54,755.0,Touring,2013-07-01,,BI_TB,BK_T44U_54_BI_TB
580,BK_R79Y_40,Road-350-W Yellow- 40,1083.0,Road,2013-07-01,,BI_RB,BK_R79Y_40_BI_RB
581,BK_R79Y_42,Road-350-W Yellow- 42,1083.0,Road,2013-07-01,,BI_RB,BK_R79Y_42_BI_RB
582,BK_R79Y_44,Road-350-W Yellow- 44,1083.0,Road,2013-07-01,,BI_RB,BK_R79Y_44_BI_RB
583,BK_R79Y_48,Road-350-W Yellow- 48,1083.0,Road,2013-07-01,,BI_RB,BK_R79Y_48_BI_RB
584,BK_R19B_58,Road-750 Black- 58,344.0,Road,2013-07-01,,BI_RB,BK_R19B_58_BI_RB
585,BK_T18U_44,Touring-3000 Blue- 44,461.0,Touring,2013-07-01,,BI_TB,BK_T18U_44_BI_TB
586,BK_T18U_50,Touring-3000 Blue- 50,461.0,Touring,2013-07-01,,BI_TB,BK_T18U_50_BI_TB
587,BK_M38S_38,Mountain-400-W Silver- 38,420.0,Mountain,2013-07-01,,BI_MB,BK_M38S_38_BI_MB
588,BK_M38S_40,Mountain-400-W Silver- 40,420.0,Mountain,2013-07-01,,BI_MB,BK_M38S_40_BI_MB
589,BK_M38S_42,Mountain-400-W Silver- 42,420.0,Mountain,2013-07-01,,BI_MB,BK_M38S_42_BI_MB
590,BK_M38S_46,Mountain-400-W Silver- 46,420.0,Mountain,2013-07-01,,BI_MB,BK_M38S_46_BI_MB
591,BK_M18S_40,Mountain-500 Silver- 40,308.0,Mountain,2013-07-01,,BI_MB,BK_M18S_40_BI_MB
592,BK_M18S_42,Mountain-500 Silver- 42,308.0,Mountain,2013-07-01,,BI_MB,BK_M18S_42_BI_MB
593,BK_M18S_44,Mountain-500 Silver- 44,308.0,Mountain,2013-07-01,,BI_MB,BK_M18S_44_BI_MB
594,BK_M18S_48,Mountain-500 Silver- 48,308.0,Mountain,2013-07-01,,BI_MB,BK_M18S_48_BI_MB
595,BK_M18S_52,Mountain-500 Silver- 52,308.0,Mountain,2013-07-01,,BI_MB,BK_M18S_52_BI_MB
596,BK_M18B_40,Mountain-500 Black- 40,295.0,Mountain,2013-07-01,,BI_MB,BK_M18B_40_BI_MB
597,BK_M18B_42,Mountain-500 Black- 42,295.0,Mountain,2013-07-01,,BI_MB,BK_M18B_42_BI_MB
598,BK_M18B_44,Mountain-500 Black- 44,295.0,Mountain,2013-07-01,,BI_MB,BK_M18B_44_BI_MB
599,BK_M18B_48,Mountain-500 Black- 48,295.0,Mountain,2013-07-01,,BI_MB,BK_M18B_48_BI_MB
600,BK_M18B_52,Mountain-500 Black- 52,295.0,Mountain,2013-07-01,,BI_MB,BK_M18B_52_BI_MB
601,BB_7421,LL Bottom Bracket,24.0,n/a,2013-07-01,,CO_BB,BB_7421_CO_BB
602,BB_8107,ML Bottom Bracket,45.0,n/a,2013-07-01,,CO_BB,BB_8107_CO_BB
603,BB_9108,HL Bottom Bracket,54.0,n/a,2013-07-01,,CO_BB,BB_9108_CO_BB
604,BK_R19B_44,Road-750 Black- 44,344.0,Road,2013-07-01,,BI_RB,BK_R19B_44_BI_RB
605,BK_R19B_48,Road-750 Black- 48,344.0,Road,2013-07-01,,BI_RB,BK_R19B_48_BI_RB
606,BK_R19B_52,Road-750 Black- 52,344.0,Road,2013-07-01,,BI_RB,BK_R19B_52_BI_RB
